113011210,γ—Γ‹@νΐ‘SΗ——Ώi¶–½ΫΗ—‘•’ug—pj
113013710,‰@“ΰƒgƒƒA[ƒWΐ{—Ώ
113011710,‰ξμx‰‡“™Agw“±—Ώ
113006910,”xπΗπΗ—\–hΗ——Ώ
113013810,–ιΤ‹x“ϊ‹~‹}”ΐ‘—γwΗ——Ώ
180024710,ƒƒnƒrƒƒe[ƒVƒ‡ƒ“‘‡v‰ζ•]‰Ώ—Ώ‚P
190136810,‰h—{ƒTƒ|[ƒgƒ`[ƒ€‰ΑZ
190171910,‹~‹}γ—ΓΗ—‰ΑZ‚P
190172010,‹~‹}γ—ΓΗ—‰ΑZ‚Q
190101770,“ο•a³“™“ό‰@f—Γ‰ΑZ
190120610,εραƒnƒCƒƒXƒN³ƒPƒA‰ΑZ
197000470,“Α•ΚH‰ΑZ(H–—Γ–@)
180016610,ΫH‹@”\—Γ–@i‚R‚O•Θγj
190193110,”F’mΗƒPƒA‰ΑZ‚Pi‚P‚S“ϊΘ“ΰ‚ΜϊΤj
190193210,”F’mΗƒPƒA‰ΑZ‚Pi‚P‚T“ϊΘγ‚ΜϊΤj
190193610,”F’mΗƒPƒA‰ΑZ‚Pi‚P‚T“ϊΘγ‚ΜϊΤjg‘Μ“IS‘©ΐ{
190193510,”F’mΗƒPƒA‰ΑZ‚Pi‚P‚S“ϊΘ“ΰ‚ΜϊΤjg‘Μ“IS‘©ΐ{
160060010,‚s|‚li‘gDΨ•Πj
180016110,f—Γξ•ρ’ρ‹—Ώi‡Tj
113009470,‘ή‰@f—Γσ‹µ“Y•t‰ΑZ
190056910,‘ή‰@ƒƒnƒrƒƒe[ƒVƒ‡ƒ“w“±—Ώ
140033770,αQ“™‰ΑZilHt‘j
140051810,‹Η‰A³•Β½’ui“ό‰@ji‚P‚O‚O‚ƒ‚‚Q–Ά–j
160098210,“ΰ‹‹Ύ‰Ί¶–@
113001470,ξα‡ƒ}[ƒJ[Έ‰‰ρ‰ΑZ
140051910,‹Η‰A³•Β½’ui“ό‰@ji‚P‚O‚O‚ƒ‚‚QΘγj
150371690,όpϊϋo‹@”\Η—γθp‰ΑZiθpj
160092410,‚d‚e|A“
190191770,•‰ΘγtAg‰ΑZ
160098110,‘O—§‘Bj¶–@
190128110,ƒnƒCƒƒXƒN”DPΗ—‰ΑZ
170027110,‘Ά‰eά’“όθ‹Zi“®–¬‘Ά‰eƒJƒe[ƒeƒ‹–@ji‘I‘π“IΗ‘Ά‰ej
113017610,“ό‰@‰h—{H–w“±—Ώ‚Pi‰‰ρj
113017710,“ό‰@‰h—{H–w“±—Ώ‚Pi‚Q‰ρ–Ϊj
113001310,««ξα‡“ΑΩ•¨Ώ΅—ΓΗ——Ώi‚»‚Μ‘ΌE‚P€–Ϊj
150339310,©“®•«‡ν‰ΑZ
150339210,©“®–D‡ν‰ΑZ
150286990,’΄‰Ή”g‹ΓΕΨJ‘•’u“™‰ΑZ
150333010,•Β½zΒ®‘Sg–ƒ‚R
150297990,‰@“ΰ΄υ–h~‘[’u‰ΑZiθpj
150333210_1,•Β½zΒ®‘Sg–ƒ‚Si‘¤‰ηΚj
150333210_2,•Β½zΒ®‘Sg–ƒ‚Si• o‹Ύ‰Ίθpj
150233410,•Β½zΒ®‘Sg–ƒ‚T
111000110,‰f—Ώ
150371290,‹x“ϊ‰ΑZ‚Piθpj
150371590,ΤO“Α—αγ—Γ‹@Φ‰ΑZ‚Piθpj
150371490,[–ι‰ΑZ‚Piθpj
150000590,‹x“ϊ‰ΑZ‚Qiθpj
150000790,ΤO“Α—αγ—Γ‹@Φ‰ΑZ‚Qiθpj
150000690,[–ι‰ΑZ‚Qiθpj